-- MySQL dump 10.13  Distrib 8.0.28, for Win64 (x86_64)
--
-- Host: localhost    Database: videogame_rental
-- ------------------------------------------------------
-- Server version	8.0.28

/*!40101 SET @OLD_CHARACTER_SET_CLIENT=@@CHARACTER_SET_CLIENT */;
/*!40101 SET @OLD_CHARACTER_SET_RESULTS=@@CHARACTER_SET_RESULTS */;
/*!40101 SET @OLD_COLLATION_CONNECTION=@@COLLATION_CONNECTION */;
/*!50503 SET NAMES utf8 */;
/*!40103 SET @OLD_TIME_ZONE=@@TIME_ZONE */;
/*!40103 SET TIME_ZONE='+00:00' */;
/*!40014 SET @OLD_UNIQUE_CHECKS=@@UNIQUE_CHECKS, UNIQUE_CHECKS=0 */;
/*!40014 SET @OLD_FOREIGN_KEY_CHECKS=@@FOREIGN_KEY_CHECKS, FOREIGN_KEY_CHECKS=0 */;
/*!40101 SET @OLD_SQL_MODE=@@SQL_MODE, SQL_MODE='NO_AUTO_VALUE_ON_ZERO' */;
/*!40111 SET @OLD_SQL_NOTES=@@SQL_NOTES, SQL_NOTES=0 */;

--
-- Table structure for table `actor`
--

DROP TABLE IF EXISTS `actor`;
/*!40101 SET @saved_cs_client     = @@character_set_client */;
/*!50503 SET character_set_client = utf8mb4 */;
CREATE TABLE `actor` (
  `actor_id` int unsigned NOT NULL AUTO_INCREMENT,
  `first_name` varchar(45) NOT NULL,
  `last_name` varchar(45) NOT NULL,
  PRIMARY KEY (`actor_id`)
) ENGINE=InnoDB DEFAULT CHARSET=utf8mb4 COLLATE=utf8mb4_0900_ai_ci;
/*!40101 SET character_set_client = @saved_cs_client */;

--
-- Dumping data for table `actor`
--

LOCK TABLES `actor` WRITE;
/*!40000 ALTER TABLE `actor` DISABLE KEYS */;
/*!40000 ALTER TABLE `actor` ENABLE KEYS */;
UNLOCK TABLES;

--
-- Table structure for table `address`
--

DROP TABLE IF EXISTS `address`;
/*!40101 SET @saved_cs_client     = @@character_set_client */;
/*!50503 SET character_set_client = utf8mb4 */;
CREATE TABLE `address` (
  `address_id` int unsigned NOT NULL AUTO_INCREMENT,
  `address` varchar(45) NOT NULL,
  `city` varchar(45) NOT NULL,
  `state` varchar(45) NOT NULL,
  `zipcode` int DEFAULT NULL,
  PRIMARY KEY (`address_id`)
) ENGINE=InnoDB DEFAULT CHARSET=utf8mb4 COLLATE=utf8mb4_0900_ai_ci;
/*!40101 SET character_set_client = @saved_cs_client */;

--
-- Dumping data for table `address`
--

LOCK TABLES `address` WRITE;
/*!40000 ALTER TABLE `address` DISABLE KEYS */;
/*!40000 ALTER TABLE `address` ENABLE KEYS */;
UNLOCK TABLES;

--
-- Table structure for table `city`
--

DROP TABLE IF EXISTS `city`;
/*!40101 SET @saved_cs_client     = @@character_set_client */;
/*!50503 SET character_set_client = utf8mb4 */;
CREATE TABLE `city` (
  `city_id` int unsigned NOT NULL AUTO_INCREMENT,
  `city` varchar(45) NOT NULL,
  `state_id` varchar(45) NOT NULL,
  PRIMARY KEY (`city_id`)
) ENGINE=InnoDB AUTO_INCREMENT=51 DEFAULT CHARSET=utf8mb4 COLLATE=utf8mb4_0900_ai_ci;
/*!40101 SET character_set_client = @saved_cs_client */;

--
-- Dumping data for table `city`
--

LOCK TABLES `city` WRITE;
/*!40000 ALTER TABLE `city` DISABLE KEYS */;
INSERT INTO `city` VALUES (1,'Montgomery','1'),(2,'Juneau','2'),(3,'Phoenix','3'),(4,'Little Rock','4'),(5,'Sacramento','5'),(6,'Denver','6'),(7,'Hartford','7'),(8,'Dover','8'),(9,'Tallahassee','9'),(10,'Atlanta','10'),(11,'Honolulu','11'),(12,'Boise','12'),(13,'Springfield','13'),(14,'Indianapolis','14'),(15,'Des Moines','15'),(16,'Topeka','16'),(17,'Frankfort','17'),(18,'Baton Rouge','18'),(19,'Augusta','19'),(20,'Annapolis','20'),(21,'Boston','21'),(22,'Lansing','22'),(23,'Saint Paul','23'),(24,'Jackson','24'),(25,'Jefferson City','25'),(26,'Helena','26'),(27,'Lincoln','27'),(28,'Carson City','28'),(29,'Concord','29'),(30,'Trenton','30'),(31,'Santa Fe','31'),(32,'Albany','32'),(33,'Raleigh','33'),(34,'Bismarck','34'),(35,'Columbus','35'),(36,'Oklahoma City','36'),(37,'Salem','37'),(38,'Harrisburg','38'),(39,'Providence','39'),(40,'Columbia','40'),(41,'Pierre','41'),(42,'Nashville','42'),(43,'Austin','43'),(44,'Salt Lake City','44'),(45,'Montpelier','45'),(46,'Richmond','46'),(47,'Olympua','47'),(48,'Charleston','48'),(49,'Madison','49'),(50,'Cheyenne','50');
/*!40000 ALTER TABLE `city` ENABLE KEYS */;
UNLOCK TABLES;

--
-- Table structure for table `console`
--

DROP TABLE IF EXISTS `console`;
/*!40101 SET @saved_cs_client     = @@character_set_client */;
/*!50503 SET character_set_client = utf8mb4 */;
CREATE TABLE `console` (
  `console_id` int unsigned NOT NULL AUTO_INCREMENT,
  `console_name` varchar(45) NOT NULL,
  PRIMARY KEY (`console_id`)
) ENGINE=InnoDB DEFAULT CHARSET=utf8mb4 COLLATE=utf8mb4_0900_ai_ci;
/*!40101 SET character_set_client = @saved_cs_client */;

--
-- Dumping data for table `console`
--

LOCK TABLES `console` WRITE;
/*!40000 ALTER TABLE `console` DISABLE KEYS */;
/*!40000 ALTER TABLE `console` ENABLE KEYS */;
UNLOCK TABLES;

--
-- Table structure for table `customer`
--

DROP TABLE IF EXISTS `customer`;
/*!40101 SET @saved_cs_client     = @@character_set_client */;
/*!50503 SET character_set_client = utf8mb4 */;
CREATE TABLE `customer` (
  `customer_id` smallint unsigned NOT NULL AUTO_INCREMENT,
  `store_id` tinyint unsigned NOT NULL,
  `first_name` varchar(45) NOT NULL,
  `last_name` varchar(45) NOT NULL,
  `email` varchar(50) DEFAULT NULL,
  `address_id` smallint unsigned NOT NULL,
  `create_date` datetime NOT NULL,
  PRIMARY KEY (`customer_id`)
) ENGINE=InnoDB DEFAULT CHARSET=utf8mb4 COLLATE=utf8mb4_0900_ai_ci;
/*!40101 SET character_set_client = @saved_cs_client */;

--
-- Dumping data for table `customer`
--

LOCK TABLES `customer` WRITE;
/*!40000 ALTER TABLE `customer` DISABLE KEYS */;
/*!40000 ALTER TABLE `customer` ENABLE KEYS */;
UNLOCK TABLES;

--
-- Table structure for table `inventory`
--

DROP TABLE IF EXISTS `inventory`;
/*!40101 SET @saved_cs_client     = @@character_set_client */;
/*!50503 SET character_set_client = utf8mb4 */;
CREATE TABLE `inventory` (
  `inventory_id` mediumint unsigned NOT NULL AUTO_INCREMENT,
  `videogame_id` smallint unsigned NOT NULL,
  `store_id` tinyint unsigned NOT NULL,
  PRIMARY KEY (`inventory_id`)
) ENGINE=InnoDB DEFAULT CHARSET=utf8mb4 COLLATE=utf8mb4_0900_ai_ci;
/*!40101 SET character_set_client = @saved_cs_client */;

--
-- Dumping data for table `inventory`
--

LOCK TABLES `inventory` WRITE;
/*!40000 ALTER TABLE `inventory` DISABLE KEYS */;
/*!40000 ALTER TABLE `inventory` ENABLE KEYS */;
UNLOCK TABLES;

--
-- Table structure for table `payment`
--

DROP TABLE IF EXISTS `payment`;
/*!40101 SET @saved_cs_client     = @@character_set_client */;
/*!50503 SET character_set_client = utf8mb4 */;
CREATE TABLE `payment` (
  `payment_id` smallint unsigned NOT NULL AUTO_INCREMENT,
  `customer_id` smallint unsigned NOT NULL,
  `staff_id` tinyint unsigned NOT NULL,
  `rental_id` int DEFAULT NULL,
  `amount` decimal(5,2) NOT NULL,
  `payment_date` datetime NOT NULL,
  PRIMARY KEY (`payment_id`)
) ENGINE=InnoDB DEFAULT CHARSET=utf8mb4 COLLATE=utf8mb4_0900_ai_ci;
/*!40101 SET character_set_client = @saved_cs_client */;

--
-- Dumping data for table `payment`
--

LOCK TABLES `payment` WRITE;
/*!40000 ALTER TABLE `payment` DISABLE KEYS */;
/*!40000 ALTER TABLE `payment` ENABLE KEYS */;
UNLOCK TABLES;

--
-- Table structure for table `rental`
--

DROP TABLE IF EXISTS `rental`;
/*!40101 SET @saved_cs_client     = @@character_set_client */;
/*!50503 SET character_set_client = utf8mb4 */;
CREATE TABLE `rental` (
  `rental_id` int NOT NULL AUTO_INCREMENT,
  `rental_date` datetime NOT NULL,
  `inventory_id` mediumint unsigned NOT NULL,
  `customer_id` smallint unsigned NOT NULL,
  `return_date` datetime DEFAULT NULL,
  `staff_id` tinyint unsigned NOT NULL,
  PRIMARY KEY (`rental_id`)
) ENGINE=InnoDB DEFAULT CHARSET=utf8mb4 COLLATE=utf8mb4_0900_ai_ci;
/*!40101 SET character_set_client = @saved_cs_client */;

--
-- Dumping data for table `rental`
--

LOCK TABLES `rental` WRITE;
/*!40000 ALTER TABLE `rental` DISABLE KEYS */;
/*!40000 ALTER TABLE `rental` ENABLE KEYS */;
UNLOCK TABLES;

--
-- Table structure for table `staff`
--

DROP TABLE IF EXISTS `staff`;
/*!40101 SET @saved_cs_client     = @@character_set_client */;
/*!50503 SET character_set_client = utf8mb4 */;
CREATE TABLE `staff` (
  `staff_id` tinyint unsigned NOT NULL AUTO_INCREMENT,
  `first_name` varchar(45) NOT NULL,
  `last_name` varchar(45) NOT NULL,
  `address_id` smallint unsigned NOT NULL,
  `email` varchar(50) DEFAULT NULL,
  `store_id` tinyint unsigned NOT NULL,
  `username` varchar(16) NOT NULL,
  `password` varchar(40) CHARACTER SET utf8mb4 COLLATE utf8mb4_bin DEFAULT NULL,
  PRIMARY KEY (`staff_id`)
) ENGINE=InnoDB AUTO_INCREMENT=5 DEFAULT CHARSET=utf8mb4 COLLATE=utf8mb4_0900_ai_ci;
/*!40101 SET character_set_client = @saved_cs_client */;

--
-- Dumping data for table `staff`
--

LOCK TABLES `staff` WRITE;
/*!40000 ALTER TABLE `staff` DISABLE KEYS */;
INSERT INTO `staff` VALUES (1,'Christian','Gonzalez',1,'cg@gmail.com',1,'username1','password1'),(2,'Matthew','Silva',2,'ms@gmail.com',2,'username2','password2'),(3,'Christopher','Rayas',3,'cr@gmail.com',3,'username3','password3'),(4,'Garrett','Loucks',4,'gl@gmail.com',4,'username4','password4');
/*!40000 ALTER TABLE `staff` ENABLE KEYS */;
UNLOCK TABLES;

--
-- Table structure for table `state`
--

DROP TABLE IF EXISTS `state`;
/*!40101 SET @saved_cs_client     = @@character_set_client */;
/*!50503 SET character_set_client = utf8mb4 */;
CREATE TABLE `state` (
  `state_id` int unsigned NOT NULL AUTO_INCREMENT,
  `state` varchar(45) NOT NULL,
  PRIMARY KEY (`state_id`)
) ENGINE=InnoDB AUTO_INCREMENT=51 DEFAULT CHARSET=utf8mb4 COLLATE=utf8mb4_0900_ai_ci;
/*!40101 SET character_set_client = @saved_cs_client */;

--
-- Dumping data for table `state`
--

LOCK TABLES `state` WRITE;
/*!40000 ALTER TABLE `state` DISABLE KEYS */;
INSERT INTO `state` VALUES (1,'Alabama'),(2,'Alaska'),(3,'Arizona'),(4,'Arkansas'),(5,'California'),(6,'Colorado'),(7,'Connecticut'),(8,'Delaware'),(9,'Florida'),(10,'Georgia'),(11,'Hawaii'),(12,'Idaho'),(13,'Illinois'),(14,'Indiana'),(15,'Iowa'),(16,'Kansas'),(17,'Kentucky'),(18,'Louisiana'),(19,'Maine'),(20,'Maryland'),(21,'Massachusetts'),(22,'Michigan'),(23,'Minnesota'),(24,'Mississippi'),(25,'Missouri'),(26,'Montana'),(27,'Nebraska'),(28,'Nevada'),(29,'New Hampshire'),(30,'New Jersey'),(31,'New Mexico'),(32,'New York'),(33,'North Carolina'),(34,'North Dakota'),(35,'Ohio'),(36,'Oklahoma'),(37,'Oregon'),(38,'Pennsylvania'),(39,'Rhode Island'),(40,'South Carolina'),(41,'South Dakota'),(42,'Tennessee'),(43,'Texas'),(44,'Utah'),(45,'Vermont'),(46,'Virginia'),(47,'Washington'),(48,'West Virginia'),(49,'Wisconsin'),(50,'Wyoming');
/*!40000 ALTER TABLE `state` ENABLE KEYS */;
UNLOCK TABLES;

--
-- Table structure for table `store`
--

DROP TABLE IF EXISTS `store`;
/*!40101 SET @saved_cs_client     = @@character_set_client */;
/*!50503 SET character_set_client = utf8mb4 */;
CREATE TABLE `store` (
  `store_id` tinyint unsigned NOT NULL AUTO_INCREMENT,
  `manager_staff_id` tinyint unsigned NOT NULL,
  `address_id` smallint unsigned NOT NULL,
  PRIMARY KEY (`store_id`)
) ENGINE=InnoDB DEFAULT CHARSET=utf8mb4 COLLATE=utf8mb4_0900_ai_ci;
/*!40101 SET character_set_client = @saved_cs_client */;

--
-- Dumping data for table `store`
--

LOCK TABLES `store` WRITE;
/*!40000 ALTER TABLE `store` DISABLE KEYS */;
/*!40000 ALTER TABLE `store` ENABLE KEYS */;
UNLOCK TABLES;

--
-- Table structure for table `videogame`
--

DROP TABLE IF EXISTS `videogame`;
/*!40101 SET @saved_cs_client     = @@character_set_client */;
/*!50503 SET character_set_client = utf8mb4 */;
CREATE TABLE `videogame` (
  `videogame_id` int unsigned NOT NULL AUTO_INCREMENT,
  `title` varchar(45) NOT NULL,
  `year_release` year DEFAULT NULL,
  `rental_duration` tinyint unsigned NOT NULL DEFAULT '2',
  `rental_rate` decimal(4,2) NOT NULL DEFAULT '2.99',
  `length` smallint unsigned DEFAULT NULL,
  `replacement_cost` decimal(5,2) NOT NULL DEFAULT '14.99',
  `rating` enum('E','E-10','T','M','A') DEFAULT 'E',
  PRIMARY KEY (`videogame_id`)
) ENGINE=InnoDB DEFAULT CHARSET=utf8mb4 COLLATE=utf8mb4_0900_ai_ci;
/*!40101 SET character_set_client = @saved_cs_client */;

--
-- Dumping data for table `videogame`
--

LOCK TABLES `videogame` WRITE;
/*!40000 ALTER TABLE `videogame` DISABLE KEYS */;
/*!40000 ALTER TABLE `videogame` ENABLE KEYS */;
UNLOCK TABLES;

--
-- Table structure for table `videogame_company`
--

DROP TABLE IF EXISTS `videogame_company`;
/*!40101 SET @saved_cs_client     = @@character_set_client */;
/*!50503 SET character_set_client = utf8mb4 */;
CREATE TABLE `videogame_company` (
  `company_id` smallint unsigned NOT NULL,
  `videogame_id` smallint unsigned NOT NULL,
  PRIMARY KEY (`company_id`,`videogame_id`)
) ENGINE=InnoDB DEFAULT CHARSET=utf8mb4 COLLATE=utf8mb4_0900_ai_ci;
/*!40101 SET character_set_client = @saved_cs_client */;

--
-- Dumping data for table `videogame_company`
--

LOCK TABLES `videogame_company` WRITE;
/*!40000 ALTER TABLE `videogame_company` DISABLE KEYS */;
/*!40000 ALTER TABLE `videogame_company` ENABLE KEYS */;
UNLOCK TABLES;

--
-- Table structure for table `videogame_console`
--

DROP TABLE IF EXISTS `videogame_console`;
/*!40101 SET @saved_cs_client     = @@character_set_client */;
/*!50503 SET character_set_client = utf8mb4 */;
CREATE TABLE `videogame_console` (
  `videogame_id` smallint unsigned NOT NULL,
  `console_id` tinyint unsigned NOT NULL,
  PRIMARY KEY (`videogame_id`,`console_id`)
) ENGINE=InnoDB DEFAULT CHARSET=utf8mb4 COLLATE=utf8mb4_0900_ai_ci;
/*!40101 SET character_set_client = @saved_cs_client */;

--
-- Dumping data for table `videogame_console`
--

LOCK TABLES `videogame_console` WRITE;
/*!40000 ALTER TABLE `videogame_console` DISABLE KEYS */;
/*!40000 ALTER TABLE `videogame_console` ENABLE KEYS */;
UNLOCK TABLES;

--
-- Table structure for table `videogame_details`
--

DROP TABLE IF EXISTS `videogame_details`;
/*!40101 SET @saved_cs_client     = @@character_set_client */;
/*!50503 SET character_set_client = utf8mb4 */;
CREATE TABLE `videogame_details` (
  `videogame_id` smallint NOT NULL,
  `title` varchar(255) NOT NULL,
  PRIMARY KEY (`videogame_id`)
) ENGINE=InnoDB DEFAULT CHARSET=utf8mb4 COLLATE=utf8mb4_0900_ai_ci;
/*!40101 SET character_set_client = @saved_cs_client */;

--
-- Dumping data for table `videogame_details`
--

LOCK TABLES `videogame_details` WRITE;
/*!40000 ALTER TABLE `videogame_details` DISABLE KEYS */;
/*!40000 ALTER TABLE `videogame_details` ENABLE KEYS */;
UNLOCK TABLES;
/*!40103 SET TIME_ZONE=@OLD_TIME_ZONE */;

/*!40101 SET SQL_MODE=@OLD_SQL_MODE */;
/*!40014 SET FOREIGN_KEY_CHECKS=@OLD_FOREIGN_KEY_CHECKS */;
/*!40014 SET UNIQUE_CHECKS=@OLD_UNIQUE_CHECKS */;
/*!40101 SET CHARACTER_SET_CLIENT=@OLD_CHARACTER_SET_CLIENT */;
/*!40101 SET CHARACTER_SET_RESULTS=@OLD_CHARACTER_SET_RESULTS */;
/*!40101 SET COLLATION_CONNECTION=@OLD_COLLATION_CONNECTION */;
/*!40111 SET SQL_NOTES=@OLD_SQL_NOTES */;

-- Dump completed on 2022-03-26 22:34:22
